[
    {
        "id": 1,
        "priority": 1,
        "action": {
            "type": "modifyHeaders",
            "responseHeaders": [
                {
                    "header": "access-control-allow-origin",
                    "operation": "set",
                    "value": "*"
                },
                {
                    "header": "access-control-allow-methods",
                    "operation": "set",
                    "value": "GET, POST, PUT, DELETE, OPTIONS"
                },
                {
                    "header": "access-control-allow-headers",
                    "operation": "set",
                    "value": "*"
                }
            ]
        },
        "condition": {
            "urlFilter": "*://aisandbox-pa.googleapis.com/*",
            "resourceTypes": [
                "xmlhttprequest"
            ]
        }
    }
]